<?xml version="1.0"?>
<doc>
    <assembly>
        <name>CoolFinancial.StockAnalyzer.Fakes</name>
    </assembly>
    <members>
        <member name="T:CoolFinancial.Fakes.ShimStockAnalyzer">
            <summary>Shim type of CoolFinancial.StockAnalyzer</summary>
        </member>
        <member name="M:CoolFinancial.Fakes.ShimStockAnalyzer.#ctor">
            <summary>Initializes a new shim instance</summary>
        </member>
        <member name="M:CoolFinancial.Fakes.ShimStockAnalyzer.#ctor(CoolFinancial.StockAnalyzer)">
            <summary>Initializes a new shim for the given instance</summary>
        </member>
        <member name="T:CoolFinancial.Fakes.ShimStockAnalyzer.AllInstances">
            <summary>Define shims for all instances members</summary>
        </member>
        <member name="P:CoolFinancial.Fakes.ShimStockAnalyzer.AllInstances.GetStockAnalysisString">
            <summary>Sets the shim of StockAnalyzer.GetStockAnalysis(String symbol)</summary>
        </member>
        <member name="M:CoolFinancial.Fakes.ShimStockAnalyzer.BehaveAsCurrent">
            <summary>Assigns the &apos;Current&apos; behavior for all methods of the shimmed type</summary>
        </member>
        <member name="M:CoolFinancial.Fakes.ShimStockAnalyzer.BehaveAsNotImplemented">
            <summary>Assigns the &apos;NotImplemented&apos; behavior for all methods of the shimmed type</summary>
        </member>
        <member name="P:CoolFinancial.Fakes.ShimStockAnalyzer.Behavior">
            <summary>Assigns the behavior for all methods of the shimmed type</summary>
        </member>
        <member name="P:CoolFinancial.Fakes.ShimStockAnalyzer.ConstructorIStockFeed">
            <summary>Sets the shim of StockAnalyzer.StockAnalyzer(IStockFeed feed)</summary>
        </member>
        <member name="P:CoolFinancial.Fakes.ShimStockAnalyzer.GetStockAnalysisString">
            <summary>Sets the shim of StockAnalyzer.GetStockAnalysis(String symbol)</summary>
        </member>
        <member name="T:CoolFinancial.Fakes.StubIStockFeed">
            <summary>Stub type of CoolFinancial.IStockFeed</summary>
        </member>
        <member name="M:CoolFinancial.Fakes.StubIStockFeed.#ctor">
            <summary>Initializes a new instance of type StubIStockFeed</summary>
        </member>
        <member name="M:CoolFinancial.Fakes.StubIStockFeed.CoolFinancial#IStockFeed#GetSharePrice(System.String)">
            <summary>Sets the stub of IStockFeed.GetSharePrice(String company)</summary>
        </member>
        <member name="F:CoolFinancial.Fakes.StubIStockFeed.GetSharePriceString">
            <summary>Sets the stub of IStockFeed.GetSharePrice(String company)</summary>
        </member>
        <member name="T:CoolFinancial.Fakes.StubStockAnalyzer">
            <summary>Stub type of CoolFinancial.StockAnalyzer</summary>
        </member>
        <member name="M:CoolFinancial.Fakes.StubStockAnalyzer.#ctor(CoolFinancial.IStockFeed)">
            <summary>Initializes a new instance</summary>
        </member>
        <member name="P:CoolFinancial.Fakes.StubStockAnalyzer.CallBase">
            <summary>Gets or sets a value that indicates if the base method should be called instead of the fallback behavior</summary>
        </member>
        <member name="M:CoolFinancial.Fakes.StubStockAnalyzer.InitializeStub">
            <summary>Initializes a new instance of type StubStockAnalyzer</summary>
        </member>
        <member name="P:CoolFinancial.Fakes.StubStockAnalyzer.InstanceBehavior">
            <summary>Gets or sets the instance behavior.</summary>
        </member>
        <member name="P:CoolFinancial.Fakes.StubStockAnalyzer.InstanceObserver">
            <summary>Gets or sets the instance observer.</summary>
        </member>
    </members>
</doc>
